Date & Time,WAHDAT COLONY,SUTLAJ,CLIFTON COLONY,NEELUM,HUNZA,G IQBAL,SPARCO,RAZA,CANAL VIEW,INDUSTRIAL-II,MUSTAFA TOWN-II,UNIVERSITY,AUBIA,SHAH KAMAL,ZAID HOSPITAL,MOHD PURA,KIDNEY CENTER,MOTA SINGH WALA,GOHAWA,HAIR,ASKARI-II,EXPRESS,DEFENCE RAYA COUNTRY,PACE WOOD,BD-3,BD-10,SECTOR-M,EXPRESS -3 ,LEEL,BABU MEHAR TOWN,HAJI  PARK,L-BLOCK PHASE-V,D-BLOCK PHASE-V,BD -9,FEEDER-1 SECTOR A&B (EXTN) ,FEEDER-6 SECTOR K,FEEDER-12 SECTOR G,FEEDER-10  SECTOR A,EXPRESS FEEDER 4 PHASE-V
2020-01-01,992.9749999999999,481.208,898.8880000000001,1028.592,603.606,1168.468,598.4,394.71199999999993,716.432,1291.028,509.90400000000005,1241.104,1171.8000000000002,942.896,299.312,949.7839999999999,77.519,428.0160000000001,872.416,1378.9599999999998,379.568,660.3879999999999,537.184,94.084,49.03999999999999,114.578,16.415999999999997,499.01200000000006,430.97600000000006,990.0560000000002,1097.5120000000002,508.58400000000006,31.555999999999997,174.58800000000002,573.38,358.744,846.6759999999999,717.0840000000001,819.636
2020-01-08,961.265,450.57599999999996,895.1719999999999,985.4560000000001,601.356,1091.6480000000001,595.512,404.79200000000003,728.16,1265.0079999999998,500.83200000000005,1336.0160000000003,1117.2440000000001,930.944,259.212,914.3199999999999,79.538,434.27599999999995,866.616,1498.3680000000002,380.50800000000004,654.4920000000001,511.492,88.246,55.232,109.92,16.116,482.79600000000005,426.78000000000003,1019.9960000000001,1148.3,496.93600000000004,37.092,168.18399999999997,537.072,344.01200000000006,771.828,702.2600000000001,997.768
2020-01-15,945.875,441.416,881.34,960.46,597.064,1101.908,600.2919999999999,392.84799999999996,724.0440000000001,1224.052,495.90799999999996,1340.9679999999998,1087.368,934.5679999999999,349.884,894.336,76.822,440.50399999999996,865.3,1430.736,381.632,654.668,518.216,90.088,55.471999999999994,109.47,16.924,470.12,429.536,1022.408,1155.308,485.55999999999995,30.58,169.488,541.008,336.016,743.86,688.8199999999999,997.328
2020-01-22,872.0899999999999,429.82399999999996,837.6319999999998,913.736,562.6880000000001,985.5679999999999,578.7840000000001,361.50800000000004,682.1360000000001,1139.692,466.064,1186.4959999999999,986.9479999999999,864.784,353.756,857.8,73.645,396.05199999999996,835.572,1313.96,333.732,578.376,449.80800000000005,80.83600000000001,51.936,108.94,16.744,425.55600000000004,384.48400000000004,966.404,1055.488,392.96,33.876,149.056,472.29200000000003,316.00000000000006,661.2360000000001,614.6360000000001,915.6960000000001
2020-01-29,870.5649999999999,389.352,818.73,875.8319999999999,554.8720000000001,989.7840000000001,586.296,353.504,648.52,1126.111,462.01200000000006,1157.8280000000002,941.288,840.3040000000001,325.576,815.743,73.008,384.416,801.0120000000001,1314.464,319.158,1024.768,451.20400000000006,77.80799999999999,49.452,106.91999999999999,13.703999999999999,402.14200000000005,372.536,957.276,1044.779,378.99199999999996,31.276000000000003,152.178,443.459,298.67600000000004,641.802,597.504,867.0
2020-02-05,812.9300000000001,360.84400000000005,760.2400000000001,867.528,536.2040000000001,971.6399999999999,571.436,327.52000000000004,622.484,1080.836,456.08799999999997,1030.968,877.128,824.636,137.24800000000002,806.78,70.732,369.356,808.4200000000001,1316.1919999999998,296.104,999.308,442.28000000000003,73.05600000000001,47.792,107.25,13.491999999999999,371.052,361.468,931.7919999999999,1016.7840000000001,387.704,34.70400000000001,132.14,407.2080000000001,276.616,585.812,574.256,818.4079999999999
2020-02-12,789.815,378.68,740.628,857.272,511.59200000000004,872.9480000000001,565.336,317.416,652.104,1040.628,448.37199999999996,907.2640000000001,765.7280000000001,815.232,313.40799999999996,787.8240000000001,70.17399999999999,348.38800000000003,826.34,1266.584,254.70600000000002,467.22399999999993,380.93600000000004,65.92,46.903999999999996,105.6,14.232,354.66400000000004,357.03600000000006,876.932,1008.404,352.248,107.63600000000001,119.344,345.112,237.552,488.39599999999996,484.164,766.3439999999999
2020-02-19,790.1300000000001,379.31999999999994,733.548,852.16,524.336,844.7,581.528,320.94399999999996,672.576,1045.6799999999998,453.408,842.504,739.14,850.2239999999999,216.188,787.5920000000001,73.92,346.936,862.5319999999999,1252.04,253.91600000000003,430.816,355.49600000000004,67.124,43.952,106.31,12.912000000000003,348.908,352.592,908.8679999999999,1023.4320000000001,324.59200000000004,161.128,120.196,331.784,234.16800000000003,474.144,462.71999999999997,764.2959999999999
2020-02-26,788.2750000000001,354.504,737.9960000000001,882.332,538.424,854.78,615.212,330.74799999999993,624.592,1058.752,476.46399999999994,807.5999999999999,749.784,870.744,268.032,819.524,76.024,335.608,899.5319999999999,1183.4160000000002,250.894,430.03200000000004,368.82800000000003,65.824,45.36,108.78,12.564000000000002,353.38800000000003,363.01599999999996,955.04,1049.104,326.6,349.776,112.99600000000001,337.072,225.724,474.83600000000007,447.656,777.088
2020-03-04,777.08,378.932,707.1200000000001,862.7919999999999,520.56,802.0759999999998,564.8000000000001,319.256,623.328,1003.7840000000001,468.61600000000004,781.048,726.1560000000001,840.2159999999999,264.952,773.332,75.248,348.388,883.9639999999999,1185.984,254.53199999999998,426.24800000000005,362.048,69.14,46.056,108.28999999999999,12.319999999999999,344.77600000000007,355.276,950.6479999999999,965.1199999999999,331.552,351.336,116.63199999999999,329.978,223.94800000000004,463.0880000000001,449.9600000000001,757.5920000000001
2020-03-11,771.255,362.252,698.244,828.0840000000001,509.3160000000001,780.436,548.1880000000001,315.93199999999996,635.1,1005.4819999999997,453.177,524.7560000000001,707.868,803.924,233.38099999999997,623.129,68.63099999999999,327.016,833.46,1134.0,249.082,421.08399999999995,328.404,65.852,40.222,108.58,13.894,343.12800000000004,337.799,886.732,800.5360000000001,308.944,348.17600000000004,113.086,325.87800000000004,199.67600000000002,436.352,425.535,743.816
2020-03-18,795.16,344.26,788.312,935.344,550.528,863.08,515.0160000000001,336.636,604.88,1080.12,537.888,505.248,717.9639999999999,917.848,292.878,854.336,67.613,369.51500000000004,1075.719,1237.6569999999997,280.082,477.972,332.95599999999996,65.145,41.939,112.33,12.463000000000001,304.15600000000006,427.246,1028.491,1135.987,309.482,367.565,109.036,329.577,201.829,497.58200000000005,481.28599999999994,713.078
2020-03-25,729.11,259.072,755.2959999999999,862.6239999999999,507.848,777.032,355.02399999999994,341.37999999999994,359.728,1015.892,604.168,452.836,647.184,887.908,303.916,774.304,62.632,332.24,1014.8439999999998,1057.0079999999998,277.084,457.724,321.92,57.971999999999994,34.68,113.95,14.124,252.95200000000003,393.072,982.7760000000001,1017.2,302.952,354.128,86.512,317.23199999999997,203.11200000000002,488.06399999999996,469.032,603.872
2020-04-01,744.45,298.708,802.3679999999999,911.76,534.1759999999999,838.704,370.85200000000003,350.02400000000006,388.008,1096.644,584.136,459.12800000000004,668.2719999999999,952.5680000000002,230.52000000000004,810.66,64.888,362.7,1123.66,1186.416,293.97200000000004,476.448,354.85400000000004,60.784000000000006,35.556,117.1,12.552,243.11599999999999,437.796,1073.312,1141.256,325.66400000000004,369.368,85.584,320.99300000000005,215.04,519.2080000000001,498.65599999999995,621.9279999999999
2020-04-08,925.9699999999999,375.35999999999996,998.048,1167.192,666.316,1026.1680000000001,469.84000000000003,434.096,591.544,1381.52,661.4480000000001,513.052,786.22,1188.5359999999998,295.624,946.2399999999998,73.99199999999999,464.136,1423.8319999999999,1419.3600000000001,370.60400000000004,587.112,258.616,76.32400000000001,37.263999999999996,125.50399999999999,11.163999999999998,270.692,538.944,1317.572,1428.7520000000002,408.24,466.81600000000003,96.26000000000002,404.22,263.44,667.6759999999999,630.692,744.096
2020-04-15,1030.6899999999998,374.34000000000003,1100.5280000000002,1299.6399999999999,748.9119999999999,1143.644,535.2239999999999,479.91999999999996,696.6320000000001,1516.288,713.68,570.096,899.5120000000001,1345.3919999999998,293.176,908.3439999999999,82.872,490.4000000000001,1483.832,1508.56,423.52,670.0439999999999,156.692,89.04799999999999,49.54,129.80399999999997,13.004,314.304,585.856,1329.22,1534.0,467.736,538.328,108.90800000000002,469.06199999999995,306.312,776.9440000000001,730.472,871.5120000000001
2020-04-22,1135.74,390.03599999999994,1220.6799999999998,1411.7520000000002,824.3120000000001,1246.256,605.968,542.692,765.856,1609.192,771.56,597.056,976.36,1494.768,306.60400000000004,757.948,92.57199999999999,549.624,1659.776,1703.8400000000001,479.992,738.8080000000001,18.86,99.44,53.856,138.298,13.768000000000002,352.9,663.872,1431.2400000000002,1757.3200000000002,519.192,602.496,118.428,509.479,347.944,860.3799999999999,806.312,968.2640000000001
2020-04-29,1293.23,449.01599999999996,1411.544,1630.4959999999999,960.7280000000001,1437.4560000000001,684.768,613.3919999999999,844.816,1928.3680000000004,899.6480000000001,674.6080000000001,1114.0240000000001,1720.616,428.25600000000003,706.376,100.94800000000001,600.0640000000001,1859.344,1980.464,588.948,885.272,3.9299999999999993,123.076,49.879999999999995,179.75000000000003,13.004000000000001,402.748,763.248,1569.56,2005.3759999999997,629.8480000000001,726.2719999999999,126.83200000000002,648.107,418.72,1047.2040000000002,967.988,1124.3200000000002
2020-05-06,1405.235,499.50800000000004,1493.136,1741.9280000000003,1042.576,1583.432,811.4879999999999,653.9440000000001,927.4479999999999,2047.768,962.4319999999998,730.3879999999999,1228.4840000000002,1863.0160000000003,397.216,1004.652,116.936,651.2239999999999,1924.0279999999998,2055.76,627.5960000000001,945.2160000000001,3.456,133.268,53.263999999999996,191.318,11.472,428.58400000000006,774.772,1711.2320000000002,2118.3360000000002,681.152,776.2159999999999,140.872,725.98,439.99600000000004,1118.9560000000001,1027.2839999999999,1192.4879999999998
2020-05-13,1474.41,581.324,1534.84,1832.3600000000004,1080.4160000000002,1637.4200000000003,906.7839999999999,675.12,940.512,2071.2960000000003,1025.0240000000001,751.408,1266.032,1912.952,130.464,1068.092,114.05600000000003,666.3359999999999,1970.36,2090.912,638.56,1187.696,2.4000000000000004,138.664,50.712,193.95000000000002,13.312000000000001,457.808,805.912,1717.2400000000002,2196.368,687.9440000000001,787.0400000000001,148.028,759.466,459.688,1148.94,1051.864,1246.4959999999999
2020-05-20,1860.15,777.672,1911.208,2309.344,1353.248,2054.536,1126.648,816.908,1017.064,2563.952,1298.848,864.648,1552.088,2405.44,526.272,1339.4319999999998,114.952,754.704,2216.6800000000003,2296.5119999999997,862.664,1152.976,3.371999999999999,177.768,40.55599999999999,199.998,14.48,621.224,982.336,1964.7759999999998,2554.6879999999996,892.704,1029.504,129.614,924.136,593.2760000000001,1520.032,1365.608,1547.728
2020-05-27,1680.5100000000002,717.9,1703.592,2074.8320000000003,1224.768,1867.552,1024.976,759.612,1006.2719999999999,2299.04,1146.0320000000002,826.672,1457.32,2117.224,417.992,1161.772,122.584,669.5600000000001,1953.752,2157.768,748.3880000000001,1106.6580000000001,4.2139999999999995,162.452,62.66400000000001,201.64000000000001,14.788,680.92,828.552,1797.536,2254.12,782.16,916.696,162.55599999999998,849.4219999999999,537.152,1323.244,1196.3319999999999,1496.128
2020-06-03,1636.785,629.3400000000001,1708.904,2074.348,1194.412,1862.632,1029.8,781.9,1133.76,2319.384,1136.596,869.352,1490.9279999999999,2116.32,265.84,1159.9,123.28399999999999,691.168,1960.4199999999998,2079.464,701.708,1250.356,8.308,149.66000000000003,62.015999999999984,202.952,15.988,669.184,853.512,1790.604,2241.4800000000005,738.9080000000001,843.02,166.488,807.27,498.076,1205.076,1114.178,1417.192
2020-06-10,1990.6599999999996,738.296,2063.568,2489.3520000000003,1446.792,2155.88,1230.484,904.696,1324.764,2795.016,1427.396,987.7919999999999,1780.656,2535.9,432.928,1420.316,149.524,807.8,2302.032,2531.328,922.1,1094.0639999999999,10.479999999999999,188.014,68.696,191.91,16.096,772.8000000000001,1014.5360000000001,2108.3599999999997,2673.992,914.0520000000001,1088.04,189.55800000000002,962.53,616.976,1532.79,1414.988,1717.0320000000002
2020-06-17,2358.13,827.1759999999999,2372.828,2852.8719999999994,1689.724,2502.5960000000005,1402.012,1039.652,1546.04,3201.9439999999995,1720.4959999999999,1125.616,2085.268,2837.2440000000006,264.696,1636.176,171.244,894.932,2423.9,2606.376,1077.9740000000002,983.9940000000001,64.586,217.75,71.2,182.128,15.832,880.832,1094.328,2178.656,2963.4359999999992,1047.044,2160.7599999999998,201.62599999999998,1038.734,704.676,1765.8619999999999,683.076,1886.1320000000003
2020-06-24,2143.045,799.6800000000001,2219.92,2700.216,1573.2520000000002,2301.756,1308.756,991.912,1419.252,2972.876,1556.7200000000003,1059.776,1885.8,2669.4159999999997,97.72,1512.4080000000001,159.936,814.4920000000001,2277.268,2488.776,930.29,1123.06,55.636,198.498,61.864,188.874,16.272,821.21,1021.8319999999999,2112.264,2732.692,898.4399999999998,1880.6000000000001,183.36399999999998,976.487,622.516,1512.0300000000002,604.98,1705.784
2020-07-01,2401.975,862.8400000000001,2461.2120000000004,2968.8120000000004,1729.676,2624.5119999999997,1443.6960000000001,1080.212,1537.68,3369.856,1811.648,1205.4959999999999,2089.82,2969.664,207.92800000000003,1687.7040000000002,171.30800000000002,910.6720000000001,2461.824,2711.528,1061.278,872.27,72.23599999999999,229.22800000000007,76.272,184.39,16.791999999999998,969.8199999999999,1099.752,2295.3720000000003,3074.604,1021.5600000000002,2060.812,218.328,1093.032,681.868,1699.468,665.3519999999999,1876.848
2020-07-08,2144.17,860.0040000000001,2177.612,2699.92,1587.472,2393.3959999999997,1284.7740000000001,976.024,1435.0159999999998,2969.968,1541.021,1153.0800000000002,1896.5280000000002,2701.34,205.545,1526.6999999999998,169.323,805.452,2315.924,2378.3279999999995,924.626,981.8910000000001,71.784,213.47199999999995,68.678,186.32599999999996,15.388,881.7,989.1159999999999,2168.156,2737.144,909.5360000000001,1889.2720000000004,211.15,962.8600000000001,589.157,1452.4499999999998,582.248,1685.708
2020-07-15,1908.95,793.264,1877.8300000000004,2318.8439999999996,1398.304,2041.2920000000001,1100.572,866.34,1266.0079999999998,2646.152,1272.6950000000002,1062.816,1653.2040000000002,2436.7960000000003,303.20000000000005,1348.328,172.137,721.8620000000001,2043.744,2391.44,817.784,1010.066,70.47599999999998,191.916,59.527,188.83200000000002,14.716000000000001,758.396,890.86,2062.8360000000002,2565.281,819.5920000000001,1657.6639999999998,229.211,867.6460000000001,509.984,1230.158,507.801,1460.945
2020-07-22,2123.94,774.276,2186.8599999999997,2673.12,1529.5600000000002,2310.232,1323.54,962.7360000000001,1399.292,2919.256,1522.608,1192.952,1836.4680000000003,2643.808,917.2920000000001,1480.12,189.561,847.2639999999999,2357.0719999999997,2778.656,882.8359999999999,837.968,57.036,206.23600000000002,72.392,188.45999999999998,15.412,807.94,1053.404,2260.968,2859.592,875.4720000000001,1795.6640000000002,254.595,924.386,577.304,1405.396,551.38,1733.768
2020-07-29,2341.74,747.333,2397.552,2952.08,1677.12,2455.015,1187.972,1068.193,1348.2920000000001,3161.784,1717.992,1104.336,1901.872,2938.516,345.392,1662.0520000000001,154.04700000000003,798.6719999999999,2399.0960000000005,2516.04,905.2479999999999,641.017,70.35600000000001,202.66400000000002,65.36,184.596,16.304000000000002,749.4820000000001,1041.74,2066.808,2934.432,906.336,1652.6,259.795,1044.8310000000001,581.48,1482.472,563.16,1662.912
2020-08-05,2500.6,884.8439999999999,2313.1,3025.768,1776.484,2621.536,1466.208,1124.472,1621.9039999999998,3108.6400000000003,1687.568,1303.5520000000001,1938.9759999999999,3050.276,301.32000000000005,1736.0,176.734,886.428,2433.624,2806.8320000000003,1003.7599999999999,622.944,81.788,228.14000000000001,75.032,182.954,12.291999999999998,677.8199999999999,1053.1999999999998,2291.82,3094.92,967.52,856.776,438.96400000000006,1094.92,579.7760000000001,1534.98,561.924,1796.8160000000003
2020-08-12,2536.315,994.0939999999999,2184.232,2803.528,1817.312,2703.92,1318.016,1101.429,1569.6640000000002,3099.7799999999997,1720.8560000000002,1460.776,1919.708,3138.9120000000003,476.544,1775.038,180.513,761.7760000000001,2543.8199999999997,2836.3440000000005,1038.344,575.376,95.222,245.336,63.428,182.57999999999998,16.444,616.1659999999999,959.472,2346.14,3190.472,987.8480000000001,901.592,531.64,1001.6639999999998,570.852,1488.336,562.344,1982.1439999999998
2020-08-19,2030.83,918.028,1936.944,2090.3759999999997,1467.192,2166.4440000000004,1217.884,915.156,1387.359,2259.504,1294.432,1319.7150000000001,1444.812,2563.532,319.04900000000004,1417.056,195.64499999999998,741.7360000000001,2229.264,2496.0000000000005,818.0159999999998,714.889,56.984,195.38400000000001,60.392,191.21800000000002,14.316,507.14,915.0640000000001,2062.9120000000003,2703.968,833.048,749.7919999999999,629.1869999999999,800.7839999999999,487.216,1203.116,487.20000000000005,1732.784
2020-08-26,1819.33,884.1359999999999,1876.072,2089.2960000000003,1351.856,1990.312,1029.4080000000001,844.904,1172.0,2199.963,1066.372,1241.46,1370.96,2060.616,229.97600000000003,1293.968,184.248,748.46,2072.608,2199.824,749.796,926.962,29.586,172.624,59.42,197.468,15.020000000000001,457.276,754.208,1932.784,2534.64,753.2560000000001,689.8,535.715,842.3240000000001,464.22400000000005,1110.156,461.09999999999997,1576.5680000000002
2020-09-02,1704.2649999999999,869.692,1800.376,2005.5919999999999,1217.08,1822.468,1112.316,816.6800000000001,1131.432,2248.816,1108.064,1230.6480000000001,1392.844,2020.3560000000002,182.68800000000002,1237.516,189.824,714.1000000000001,2011.808,2080.71,664.8039999999999,874.505,33.19,159.156,58.824000000000005,193.284,12.764,450.186,852.064,1879.0030000000002,2361.112,684.5120000000001,633.5600000000001,541.3820000000001,721.0039999999999,425.576,1164.288,438.62,1598.2160000000001
2020-09-09,2116.49,984.776,2109.656,2220.456,1542.1359999999997,2281.4880000000003,1469.22,995.896,1432.072,2253.664,1595.48,1482.292,1567.24,2384.7200000000003,639.8240000000001,1543.9520000000002,204.92,721.041,2220.0159999999996,2355.208,818.0799999999999,777.104,50.046,190.1,66.22800000000001,191.82,15.809999999999999,571.566,828.8319999999999,2128.084,2814.6640000000007,836.432,754.208,751.009,979.9159999999999,555.5120000000001,1149.32,554.864,1895.8880000000001
2020-09-16,2315.655,999.0079999999998,2116.732,2642.596,1634.528,2403.8719999999994,1175.4940000000001,1038.732,1528.172,2544.08,1544.845,1520.1360000000002,2000.6640000000002,2465.1800000000003,261.0,1555.9199999999998,196.462,747.77,2325.68,2498.3360000000002,955.536,726.698,69.266,215.05599999999998,62.135,184.184,13.626,607.6759999999999,864.8860000000001,2215.672,2963.148,998.589,829.976,550.282,863.6980000000001,492.152,1488.876,515.693,2013.3680000000002
2020-09-23,2206.85,931.752,1818.6080000000002,1884.9660000000001,1554.36,2262.2799999999997,1207.568,994.2799999999999,1482.3960000000002,2594.224,1266.738,1577.1040000000003,1768.52,2358.8880000000004,501.304,1528.016,178.392,822.1920000000001,2215.2239999999997,2410.496,872.92,825.193,47.226000000000006,201.94000000000003,56.483999999999995,192.664,13.82,518.8340000000001,880.216,2099.688,2649.1710000000003,940.0160000000001,802.072,710.652,859.428,482.15600000000006,1339.4,476.25899999999996,1876.056
2020-09-30,1806.4100000000003,791.926,1456.819,1751.8840000000002,1292.869,1947.804,1121.402,827.87,1296.596,2125.0829999999996,993.3610000000001,1355.192,1555.2980000000002,2163.6949999999997,335.88700000000006,1260.1430000000003,166.63300000000004,688.256,2004.7600000000002,2299.424,695.8769999999998,1051.377,49.298,162.128,52.01200000000001,193.472,13.931999999999999,454.11199999999997,735.5360000000001,1899.8719999999998,2275.4080000000004,804.3860000000001,678.024,550.017,715.71,412.448,1188.792,431.718,1623.84
2020-10-07,1538.76,842.756,1459.296,1355.594,1070.648,1685.7520000000002,1055.38,701.8330000000001,1101.9679999999998,1947.9240000000002,930.888,1149.048,1246.7839999999999,1811.7440000000001,174.509,1107.8509999999999,170.497,544.22,1729.928,1911.376,564.558,905.8319999999999,74.166,135.944,44.588,172.834,13.142000000000001,428.59000000000003,625.008,1749.904,2076.7200000000003,671.9680000000001,579.852,317.709,668.288,323.152,974.5519999999999,394.632,1452.5600000000002
2020-10-14,1301.135,736.212,1197.367,1167.779,903.727,1404.7379999999998,746.956,578.3710000000001,972.6650000000001,1597.958,774.7350000000001,1059.6819999999998,1085.2259999999999,1444.9119999999998,279.745,929.354,150.622,397.276,1486.9230000000002,1626.271,474.627,666.4100000000001,286.796,111.64099999999999,43.416000000000004,132.142,12.302,356.174,564.5459999999999,1481.745,1638.728,569.8679999999999,490.39300000000003,241.948,498.6209999999999,250.672,796.197,310.12399999999997,1249.955
2020-10-21,1065.46,606.512,804.64,957.3960000000001,723.392,1128.7759999999998,679.22,465.35600000000005,832.572,1414.7,536.8000000000001,849.184,850.9080000000001,1158.052,445.952,710.5360000000001,99.628,466.34400000000005,1205.592,1404.7439999999997,355.50399999999996,497.302,426.91599999999994,88.99600000000001,41.968,117.92,13.771999999999998,299.77000000000004,484.312,1259.472,1380.792,435.416,366.368,125.70600000000002,440.28200000000004,264.3,658.6759999999999,299.134,1061.632
2020-10-28,918.3799999999999,438.15200000000004,741.692,748.912,610.752,969.696,616.576,390.908,730.184,1143.96,437.96,741.816,815.176,982.0799999999999,177.69600000000003,600.972,100.454,412.944,1030.528,1226.944,300.796,407.314,386.11400000000003,75.856,35.528,109.28999999999999,10.784,295.46200000000005,407.71999999999997,1086.568,1171.1639999999998,354.94399999999996,296.632,116.41199999999999,334.45,193.11700000000002,528.8720000000002,209.052,885.0559999999999
2020-11-04,854.79,426.2989999999999,681.4,609.438,580.731,898.7520000000001,523.626,369.74,755.323,961.117,476.24899999999997,756.896,697.684,857.1560000000001,227.95499999999998,554.64,111.861,400.501,981.4080000000001,1292.328,277.444,398.10400000000004,356.9220000000001,71.168,38.764,104.50999999999999,12.724,301.234,367.008,1074.504,1142.8600000000001,338.72,276.624,119.19800000000001,311.928,170.912,420.41200000000003,242.63600000000002,843.36
2020-11-11,792.015,389.82800000000003,615.5920000000001,649.004,531.6999999999999,835.728,535.6560000000001,347.132,700.84,818.121,480.224,747.5519999999999,568.8639999999999,774.552,204.11999999999998,506.444,84.624,397.512,863.72,1258.5100000000002,274.16600000000005,402.05999999999995,340.13800000000003,63.455,41.06,104.36,12.700000000000001,301.20799999999997,355.055,972.713,1055.0040000000001,312.168,270.38,116.91000000000001,352.0,188.112,374.72,246.74800000000002,785.8159999999999
2020-11-18,760.795,363.50299999999993,652.157,655.669,524.406,849.405,420.46299999999997,327.42499999999995,698.211,923.6110000000001,453.56600000000003,786.648,597.221,695.0680000000001,205.093,475.264,77.96,414.78399999999993,820.5439999999999,1162.84,267.812,393.316,343.1940000000001,64.51299999999999,35.86000000000001,103.49,11.282,272.75600000000003,374.94800000000004,921.76,1028.976,308.63200000000006,276.288,104.632,336.928,161.37599999999998,455.712,217.72,767.216
2020-11-25,755.4549999999999,413.25,668.3240000000001,583.814,523.992,834.6669999999999,525.509,336.437,701.1439999999999,1022.5879999999997,436.5319999999999,742.912,757.996,690.696,125.602,462.696,86.702,420.832,811.768,1188.1440000000002,270.852,375.17,345.74800000000005,66.264,36.536,104.7,11.3,274.10200000000003,368.83199999999994,887.024,1031.2160000000001,319.864,283.936,102.244,319.846,165.728,517.048,206.90800000000002,789.16
2020-12-02,763.0150000000001,403.86400000000003,662.82,555.02,524.5260000000001,825.03,467.98800000000006,334.552,680.08,944.4700000000001,432.828,709.3799999999999,753.8000000000001,692.1,321.156,476.244,86.092,433.408,839.313,1263.025,268.462,387.92,339.376,64.742,37.728,104.49999999999999,14.448000000000002,275.79,321.391,899.914,1019.848,317.43600000000004,275.28599999999994,104.42999999999999,336.202,196.16,454.64,247.286,785.164
2020-12-09,791.9,357.824,565.9560000000001,630.944,537.06,908.427,490.145,336.772,714.4490000000001,809.1700000000001,359.57000000000005,790.984,638.548,705.936,413.96000000000004,477.544,77.91999999999999,427.34000000000003,819.7680000000001,1282.592,298.10400000000004,406.86600000000004,350.99600000000004,66.029,34.616,104.46,12.292,264.39599999999996,392.352,902.0039999999999,1007.324,348.41600000000005,321.448,99.478,342.716,187.26399999999998,463.92600000000004,221.602,696.328
2020-12-16,874.46,373.59999999999997,675.53,612.05,597.128,1080.112,379.704,378.48499999999996,763.8720000000001,1055.368,363.616,966.24,759.2439999999999,750.932,508.40000000000003,504.75999999999993,80.15199999999999,451.12,854.532,1364.016,356.90000000000003,472.702,396.20599999999996,71.082,34.632,106.97999999999999,14.36,265.47999999999996,401.736,1039.356,1090.896,429.53599999999994,413.408,111.74600000000001,393.61300000000006,198.584,638.222,270.652,757.168
2020-12-23,885.6,381.346,807.4399999999999,561.2090000000001,598.0050000000001,1079.084,365.20400000000006,389.382,748.856,971.0800000000002,422.268,882.2479999999999,734.84,759.3040000000001,465.216,529.352,86.928,505.428,871.155,1482.896,364.39199999999994,465.978,381.904,71.95,31.344,106.98,11.622000000000002,267.336,376.23900000000003,1028.123,1052.9520000000002,437.568,432.6,112.261,376.24600000000004,216.20600000000002,590.426,220.596,780.384
2020-12-30,809.92,371.706,753.088,479.809,529.5300000000001,964.031,459.773,358.09900000000005,667.63,828.4879999999999,387.84799999999996,778.0450000000001,688.504,681.1500000000001,419.38800000000003,472.53999999999996,79.806,496.61400000000003,712.352,1383.7630000000001,329.57,407.67400000000004,350.53000000000003,70.601,31.261999999999993,94.17999999999999,11.958,238.43599999999998,321.389,946.1220000000001,953.2240000000002,387.91999999999996,386.176,126.158,385.158,261.798,587.58,275.11,716.576
2021-01-07,933.9507543391189,459.9107252085264,779.8147468750001,739.0149899306332,658.2116256624616,1118.8776961186024,495.04788675566215,432.51140620614376,738.8294802255696,1094.3910777479891,436.61662055156785,922.6781871015568,934.2133453001641,814.2069132747284,442.79681340234265,560.9602091359384,86.96658689217759,473.9942618025752,944.9645152425288,1578.1335597935831,365.40968650348077,495.2933290394848,403.19903431609475,84.45392747641509,38.13722807666691,110.76914285714285,13.37149740705573,338.8921973263039,440.6985671641791,1091.5411921589443,1135.6444255319147,442.2820697467793,424.9711120431396,152.59314555353902,491.94387195985075,391.0859369653309,690.597727445672,318.09593215252875,803.9304494692453
2021-01-14,979.2900000000001,478.17,755.385,660.465,639.3050000000001,1200.775,485.955,428.88,816.8900000000001,1179.065,486.565,1086.26,988.835,824.9000000000001,469.13,569.4300000000001,89.62,496.7799999999999,933.8060000000002,1680.68,389.65500000000003,534.8570000000001,441.512,87.273,36.085,111.08,14.776,361.45200000000006,454.845,1136.21,1118.3799999999997,498.72999999999996,518.145,200.709,554.317,296.334,752.6690000000001,346.63200000000006,851.6989999999998
2021-01-21,891.3650000000001,460.92,669.4000000000001,549.42,596.91,1068.98,498.995,400.425,785.835,976.5649999999999,466.05,1020.1600000000001,960.2199999999999,760.395,432.49,530.32,77.3,422.59,872.1999999999999,1554.74,336.32000000000005,453.034,386.446,77.185,40.94,106.43000000000002,14.48,314.834,365.16999999999996,1068.58,1083.6100000000001,428.29,395.32000000000005,131.34799999999998,499.41999999999996,224.97000000000003,576.56,293.194,760.44
2021-01-28,831.09,427.43500000000006,558.26,468.2,570.245,979.8999999999999,460.14500000000004,371.48,746.653,756.3290000000002,446.494,948.6700000000001,948.8499999999999,721.9699999999999,295.334,501.87,83.147,398.75,842.5200000000001,1450.61,307.34999999999997,402.922,338.256,69.42500000000001,40.870000000000005,101.67,11.105,286.728,293.14000000000004,1001.246,1017.05,378.03,349.16,119.68599999999999,380.29,162.98499999999999,453.335,209.48000000000002,693.55
2021-02-04,800.115,420.33,564.215,646.21,525.2700000000001,932.1200000000001,422.875,344.48,708.923,755.1129999999999,423.16400000000004,894.7699999999999,748.48,691.31,356.35200000000003,471.43999999999994,79.19200000000001,377.247,846.52,1296.75,276.78,375.7060000000001,333.634,65.69500000000001,35.80499999999999,102.53000000000002,11.005,280.87,280.98,981.9050000000001,942.6700000000001,337.06,324.3,113.09199999999998,270.7800000000001,159.437,362.43500000000006,229.445,629.28
2021-02-11,778.9749999999999,422.87,569.0619999999999,624.51,511.735,869.6749999999998,430.32,340.0,710.9180000000001,927.939,368.42100000000005,824.884,615.7539999999999,684.81,349.274,468.7199999999999,85.101,365.05,833.1000000000001,1242.49,261.93,384.32599999999996,336.61600000000004,65.94200000000001,35.185,103.17,13.21,281.55600000000004,387.565,977.8749999999999,963.855,305.91,296.64,102.038,329.845,185.74999999999997,464.17999999999995,227.185,569.88
2021-02-18,771.2095282599022,422.29452502316957,686.2026385416666,561.6539988811815,517.0394028513847,847.5465217909558,418.9525429728514,343.2201562451271,706.8932755806187,917.7877864164433,384.61195783906305,788.9364652335062,630.0255939222404,699.9024348083032,331.3402014891492,474.8122454595487,94.8225096546864,387.7388068669528,882.1382794713921,1390.785951088176,255.64774294483118,377.81681433772053,327.90789270178834,65.9689919418239,39.01091423074077,101.83657142857143,11.850721934117304,259.6255774807005,339.2965074626866,966.0062435732161,1089.8459361702128,294.0402299718644,276.5645680047933,98.48446061705988,288.92487466220564,146.50288188503677,424.00874749396354,179.11899246139208,559.4456054965829
2021-02-25,807.2740565198042,463.96005004633923,765.2952770833333,686.4079977623629,549.0938057027693,875.8280435819116,453.64508594570276,368.67531249025416,701.3945511612377,959.9385728328866,480.1879156781263,760.4369304670126,633.1361878444809,723.4538696166063,416.2054029782984,498.9944909190974,103.05201930937281,445.28761373390563,1000.6515589427842,1520.0969021763517,262.28048588966243,401.21362867544104,353.7717854035766,68.5719838836478,36.53682846148154,103.69314285714286,10.321443868234606,272.08515496140086,377.03801492537315,1034.932487146432,1129.0368723404256,297.4104599437287,264.0291360095866,109.44492123411978,252.59974932441128,157.08576377007353,404.33749498792713,168.08798492278416,568.5012109931656
2021-03-04,831.59,489.96999999999997,796.392,753.076,579.6899999999999,922.473,638.6700000000001,377.785,789.507,1004.269,509.0799999999999,811.74,642.1099999999999,770.58,431.052,536.265,106.559,475.12800000000004,1091.082,1617.276,278.824,407.55600000000004,370.47799999999995,71.45199999999998,37.649,104.71000000000001,11.528999999999998,295.502,389.031,1133.061,1221.899,329.933,277.985,117.424,301.992,180.75799999999998,425.271,239.649,618.799
2021-03-11,841.3800000000001,482.40000000000003,797.88,723.4749999999999,585.14,962.0229999999999,500.805,383.745,785.1340000000001,934.0549999999998,510.44,779.9200000000001,650.0899999999999,809.8199999999999,436.381,535.35,109.17,497.9,1145.75,1842.0549999999998,294.83,456.9960000000001,374.696,72.905,41.620000000000005,103.61999999999999,13.470000000000004,274.26,388.655,1164.02,1266.19,342.63,296.73,103.578,400.49,236.10000000000002,427.865,256.87,490.26
2021-03-18,868.175,452.11,822.02,723.895,609.3650000000001,979.523,489.745,386.715,744.229,1027.935,430.31,665.5100000000001,666.5899999999999,843.83,413.745,559.475,107.48500000000001,483.195,1219.915,1763.9100000000003,310.27,461.78,386.97999999999996,77.209,41.625,105.49000000000001,12.04,259.788,409.01,1209.325,1235.088,389.67999999999995,318.14000000000004,106.75200000000001,326.19,186.425,499.7049999999999,216.95000000000002,489.65
2021-03-25,882.355,491.087,895.5600000000001,731.16,647.1999999999999,1024.155,551.855,395.61,805.6550000000001,1253.75,477.44000000000005,730.74,847.72,916.665,456.70000000000005,584.79,129.83,553.73,1375.455,1902.31,331.798,514.2819999999999,385.396,84.05600000000001,43.63999999999999,108.27000000000001,12.34,269.802,545.62,1331.25,1430.645,407.595,332.48,147.102,387.27,230.59999999999997,583.45,266.76,508.98
2021-04-01,942.6350000000001,496.7,904.7299999999999,668.8100000000001,684.7,1120.72,478.03,436.65,849.73,1200.145,517.86,745.1899999999999,800.315,963.28,466.21500000000003,646.45,121.81,515.6700000000001,1376.3300000000002,1869.7600000000002,349.49,500.192,412.27400000000006,86.19999999999999,41.89,107.52000000000001,11.97,268.486,467.825,1345.3000000000002,1484.2500000000002,435.30000000000007,360.90000000000003,120.45200000000001,410.10499999999996,224.59500000000003,577.45,250.24,545.99
2021-04-08,974.64,499.43500000000006,1022.2500000000001,682.37,719.48,1083.2350000000001,531.785,449.4999999999999,815.2199999999999,1251.9,634.44,729.0699999999999,879.03,995.8,406.10999999999996,673.16,135.775,564.74,1414.8500000000001,1889.945,361.09999999999997,544.487,374.59400000000005,89.232,39.425,111.41999999999999,10.365000000000002,259.25199999999995,474.49,1336.0099999999998,1496.43,440.23,365.87,211.36400000000003,446.99,236.99500000000003,545.56,268.13,591.47
2021-04-15,1051.9499999999998,498.183,1093.4479999999999,851.21,728.564,1185.4119999999998,655.3190000000001,494.769,857.5169999999999,1356.081,660.4970000000001,797.66,925.6450000000001,1089.4339999999997,410.10200000000003,708.5830000000001,132.652,479.39,1568.87,1730.295,439.28000000000003,571.871,311.642,103.126,40.96,119.4,12.469999999999999,234.44,617.75,1240.58,1347.31,496.4,440.19,528.157,551.1700000000001,303.35,778.01,321.9200000000001,686.4999999999999
2021-04-22,1050.95,500.68,1026.2849999999999,942.52,737.895,1164.3799999999999,629.88,480.95,820.49,1270.98,622.13,740.1950000000002,844.5900000000001,1053.1299999999999,418.78499999999997,705.7299999999999,118.856,460.38500000000005,1476.7350000000001,1901.945,387.08000000000004,544.3340000000001,331.85200000000003,94.18,44.965,126.27199999999999,13.470000000000002,277.47999999999996,516.0600000000001,1284.0600000000002,1445.8600000000001,452.65000000000003,864.3100000000001,246.042,479.55899999999997,252.92000000000002,617.6500000000001,304.88,596.67
2021-04-29,1517.105,664.15,1474.094,1250.388,1080.48,1672.448,905.9179999999999,700.8500000000001,1059.635,1955.1780000000003,887.2919999999999,1015.8580000000001,1314.3949999999998,1574.1150000000002,642.927,1045.5099999999998,144.95,700.144,2031.5000000000002,2696.316,666.87,566.332,54.214,148.408,47.044999999999995,184.06400000000002,13.326999999999998,463.9320000000001,816.7239999999999,1769.2799999999997,2266.535,726.9300000000001,1509.21,969.5459999999999,597.76,422.425,1150.44,439.431,967.54
2021-05-06,1437.2,622.7099999999999,1456.0299999999997,1264.27,1027.44,1663.58,786.7249999999999,688.6000000000001,944.98,1970.2999999999997,901.48,826.7999999999998,1239.0,1491.1900000000003,590.0649999999999,981.6400000000001,138.57500000000002,652.52,1956.31,2663.39,628.5,642.525,21.482,142.66,39.96000000000001,177.784,11.84,399.66999999999996,808.37,1757.8199999999997,2126.8,682.0899999999999,1434.96,941.674,653.1640000000001,389.43,1006.8000000000001,457.28499999999997,947.12
2021-05-13,1269.795,589.1,1263.6800000000003,1015.8750000000001,920.6,1375.57,492.423,592.585,726.53,1567.765,799.14,686.69,977.5919999999999,1363.4399999999998,457.495,894.705,116.945,543.485,1686.19,2210.79,566.2099999999999,621.794,236.56800000000004,128.78,36.410000000000004,142.114,9.530000000000001,312.19800000000004,597.835,1507.5900000000001,1783.9450000000002,603.96,1227.6799999999998,560.474,566.8969999999999,287.825,786.8000000000001,317.925,843.11
2021-05-20,1529.53,734.87,1539.4,1360.0900000000001,1124.0700000000002,1711.9199999999998,975.6799999999998,738.74,1147.5099999999998,2060.09,1025.8200000000002,1091.98,1385.3,1594.3999999999999,560.735,1090.14,170.825,768.055,2029.3700000000001,2729.42,673.06,612.9580000000001,19.288,157.98000000000002,52.09,189.436,13.1,500.864,744.78,1850.3899999999999,2204.445,755.3600000000001,1504.56,1096.368,623.3040000000001,394.065,1032.92,479.14,971.7
2021-05-27,1915.624528259902,906.1095250231695,1923.7376385416667,1798.4389988811815,1402.1294028513848,2075.801521790956,1139.0275429728513,894.160156245127,1325.5832755806189,2406.297786416443,1302.081957839063,1442.9764652335061,1675.4655939222405,1945.7624348083032,778.6652014891491,1344.7322454595485,197.8235096546864,869.3398068669527,2260.928279471392,3071.7209510881758,886.4577429448314,677.0088143377205,88.1258927017883,200.82699194182388,62.94591423074077,191.69857142857143,14.330721934117305,761.1585774807005,820.2665074626866,2128.116243573216,2663.1559361702125,938.2802299718643,1912.014568004793,1371.5604606170598,668.6778746622056,607.4028818850368,1293.6087474939634,624.5989924613921,1238.1956054965829
2021-06-03,1913.97,910.3599999999999,1926.6550000000002,1698.1999999999998,1386.96,2060.73,1105.755,930.87,1391.7900000000002,2393.25,968.9599999999998,1612.73,1692.0100000000002,1914.1399999999999,439.76,1349.88,216.775,727.0699999999999,2303.705,3155.3599999999997,850.9800000000001,881.9620000000001,58.294,197.85999999999999,57.425000000000004,194.104,12.875000000000002,686.792,982.53,2217.94,2594.195,927.21,1837.9799999999998,1363.252,590.887,489.34,1244.15,566.3700000000001,1182.2500000000002
2021-06-10,2315.33,1033.92,2310.767,2145.7100000000005,1658.035,2440.41,1202.36,1051.6170000000002,1590.6200000000001,3131.284,1357.755,2052.9,2287.79,2280.06,477.3499999999999,1583.6450000000002,233.041,924.0010000000001,2463.0950000000003,3286.9900000000002,1026.716,777.9370000000001,126.936,244.45100000000002,61.335,187.082,15.170000000000002,788.3830000000002,1041.1,2345.045,2949.7989999999995,1099.26,1906.8299999999997,1585.1699999999998,675.934,696.69,1379.53,707.5,1693.66
2021-06-17,1994.0790565198042,990.1340500463391,1820.4352770833336,1646.3629977623632,1459.2038057027694,2239.033043581912,1079.9050859457027,924.4003124902542,1444.4965511612377,2346.6155728328863,1174.4339156781261,1962.182930467013,1787.7411878444807,2037.4748696166064,726.5004029782983,1373.4244909190975,229.81401930937278,797.2626137339055,2330.196558942784,3049.6319021763516,857.2954858896624,837.5656286754411,136.2297854035766,202.7439838836478,59.586828461481545,191.21714285714285,14.081443868234606,606.6721549614008,845.0830149253732,2233.7624871464322,2613.6888723404254,926.7304599437285,1121.9991360095867,1425.2929212341198,558.7017493244113,455.54576377007356,1112.232494987927,428.56298492278415,1947.2312109931654
2021-06-24,2268.61,1051.75,2275.37,1848.9700000000003,1621.02,2523.8300000000004,1188.6350000000002,1007.76,1631.0200000000002,3004.9799999999996,1578.58,2098.8399999999997,2140.725,2283.8,1046.55,1583.9200000000003,237.534,1020.2650000000001,2483.52,3430.1699999999996,990.6500000000001,639.816,128.292,227.60500000000002,61.135000000000005,187.426,13.975000000000001,696.654,1055.22,2394.94,2904.728,1039.52,1284.26,1594.645,578.976,520.835,1400.4899999999998,517.5500000000001,2172.12
2021-07-01,2472.36,1206.93,2499.34,1865.645,1773.795,2620.313,1567.14,1117.475,1663.1499999999999,3187.5290000000005,1819.0,2190.19,2269.91,2451.8,992.7799999999999,1716.7649999999999,267.02500000000003,1056.959,2517.2870000000003,3581.38,1090.605,513.7900000000001,140.59599999999998,251.23000000000002,60.01,183.838,13.82,831.5799999999999,1048.69,2462.9350000000004,3050.818,1157.6,1443.4900000000002,1694.4,673.098,706.1200000000001,1377.72,710.14,2375.69
2021-07-08,2460.48,1218.75,2425.185,2227.18,1733.475,2581.2879999999996,1484.8450000000003,1127.1200000000001,1668.3000000000002,2930.165,1588.86,2060.7200000000003,2054.82,2403.63,279.39,1673.72,258.58,934.455,2519.89,3537.3049999999994,991.1399999999999,597.662,146.524,242.84999999999997,63.83500000000001,185.23,16.419999999999998,771.7869999999999,1046.4279999999999,2385.175,2894.367,1033.1699999999998,792.185,1670.2250000000001,735.6220000000001,697.18,1584.15,661.7850000000001,2274.46
2021-07-15,2339.3199999999997,1146.9850000000001,2328.5950000000003,2083.4750000000004,1661.16,2507.625,1477.05,1090.5700000000002,1485.4650000000001,2798.29,1214.74,1608.7,1890.47,2331.1749999999997,620.78,1619.28,229.52,847.065,2491.835,3608.7700000000004,939.88,727.4230000000001,105.83800000000001,225.63999999999996,51.615,186.09199999999998,13.265,692.2629999999999,1105.62,2330.63,2776.84,942.0,494.93,1599.34,515.97,478.78,1388.69,514.56,2053.3800000000006
2021-07-22,2146.94,996.37,2142.145,1957.4300000000003,1536.79,2439.59,858.6949999999999,1023.6300000000001,1230.975,2704.2400000000002,1309.29,1235.2800000000002,1628.3100000000002,2313.37,287.12,1595.3700000000001,188.08,771.5,2481.6,3509.78,867.3999999999999,1146.798,97.204,215.96999999999997,43.805,189.50200000000004,13.44,535.072,952.655,2226.12,2702.927,894.54,767.95,1503.66,584.979,465.01,1150.865,561.58,1904.5
2021-07-29,821.9200000000001,460.15,839.3499999999999,675.0699999999999,599.88,947.1899999999999,368.23,404.41,615.87,962.98,575.6800000000001,729.5799999999999,651.54,874.085,405.65999999999997,594.08,95.92,370.6,964.1600000000001,1466.33,335.45000000000005,257.203,40.976,81.94,27.75,83.824,5.65,231.813,370.82500000000005,973.2099999999999,1134.19,354.65,460.90999999999997,613.96,235.977,173.19,429.39,183.75,744.75
